{
  "intercept": 13.7619,
  "coefficients": {
    "regen_intensity": 7.0705,
    "BRK": 0.0876,
    "CH": -7.4937,
    "SPD": -0.5583,
    "CUR": 20.1604
  },
  "feature_labels": {
    "regen_intensity": "Regen Intensity (\u03b2\u2081)",
    "BRK": "Braking Force (\u03b2\u2082)",
    "CH": "State of Charge % (\u03b2\u2083)",
    "SPD": "Vehicle Speed km/h (\u03b2\u2084)",
    "CUR": "Current Draw A (\u03b2\u2085)"
  },
  "feature_importance": {
    "regen_intensity": 19.99,
    "BRK": 0.25,
    "CH": 21.19,
    "SPD": 1.58,
    "CUR": 57.0
  },
  "metrics": {
    "linear_r2": 0.8093,
    "linear_rmse": 9.4164,
    "linear_mae": 5.6502,
    "poly_r2": 1.0,
    "poly_rmse": 0.0,
    "poly_mae": 0.0
  },
  "assumptions": {
    "shapiro_wilk": {
      "stat": 0.8398,
      "p": 0.0,
      "pass": true
    },
    "homoscedasticity": {
      "corr": 0.5699,
      "p": 0.0,
      "pass": true
    },
    "durbin_watson": {
      "dw": 2.0055,
      "pass": true
    },
    "multicollinearity": {
      "vif": {
        "regen_intensity": 1.51,
        "BRK": 1.15,
        "CH": 1.03,
        "SPD": 1.45,
        "CUR": 1.69
      },
      "pass": true
    },
    "linearity": {
      "max_corr": 0.7743,
      "pass": true
    },
    "sample_adequacy": {
      "n": 24277,
      "pass": true
    }
  },
  "scaler": {
    "mean": [
      4.845203278823578,
      1.237961856901594,
      67.2870824236932,
      56.63504551633233,
      28.087696173332784
    ],
    "scale": [
      9.826731956840627,
      3.96407589426084,
      20.02955392416724,
      31.889686660511842,
      54.68208202067388
    ]
  },
  "features": [
    "regen_intensity",
    "BRK",
    "CH",
    "SPD",
    "CUR"
  ],
  "dataset": "Real EV Driving Telemetry Dataset (24,277 samples)",
  "samples": 24277,
  "chart_data": {
    "actual": [
      3.965,
      7.02,
      2.64,
      7.04,
      7.95,
      0.91,
      18.72,
      52.425,
      2.835,
      7.02,
      0.62,
      1.24,
      72.325,
      0.0,
      13.02,
      10.075,
      0.075,
      14.19,
      60.99,
      0.95,
      4.355,
      39.68,
      1.8,
      7.14,
      112.875,
      132.795,
      5.2,
      0.42,
      23.78,
      6.11,
      20.13,
      19.74,
      18.5,
      45.6,
      85.91,
      4.59,
      0.0,
      5.28,
      1.22,
      3.84,
      7.07,
      40.6,
      93.365,
      8.835,
      0.09,
      15.18,
      39.95,
      3.51,
      36.72,
      0.0,
      25.35,
      26.32,
      6.175,
      3.57,
      9.855,
      25.16,
      49.68,
      4.805,
      24.65,
      0.535
    ],
    "predicted": [
      3.935,
      8.17,
      -0.438,
      9.88,
      9.183,
      -4.947,
      24.399,
      81.408,
      2.161,
      8.536,
      -3.771,
      0.808,
      94.059,
      -2.345,
      15.403,
      11.113,
      -8.596,
      39.253,
      49.256,
      6.313,
      4.427,
      46.717,
      -2.126,
      8.527,
      85.278,
      92.7,
      5.473,
      -6.389,
      23.868,
      10.055,
      23.339,
      20.244,
      19.68,
      54.561,
      62.023,
      9.52,
      8.014,
      10.274,
      0.743,
      3.834,
      11.878,
      42.494,
      97.455,
      9.617,
      -7.776,
      15.922,
      79.983,
      9.393,
      49.665,
      -0.667,
      25.608,
      31.992,
      5.615,
      1.719,
      19.034,
      27.974,
      44.448,
      4.333,
      28.043,
      9.605
    ],
    "scatter_x": [
      13,
      0,
      0,
      16,
      0,
      14,
      0,
      0,
      0,
      18,
      0,
      0,
      0,
      0,
      0,
      0,
      0,
      0,
      0,
      2,
      13,
      0,
      20,
      21,
      0,
      0,
      16,
      0,
      0,
      13,
      0,
      0,
      0,
      0,
      0,
      0,
      0,
      0,
      0,
      0,
      0,
      0,
      0,
      0,
      0,
      46,
      0,
      0,
      0,
      0,
      0,
      0,
      19,
      0,
      0,
      0,
      0,
      0,
      0,
      0,
      0,
      0,
      0,
      0,
      21,
      0,
      0,
      0,
      0,
      0,
      0,
      16,
      0,
      0,
      20,
      9,
      0,
      20,
      0,
      0
    ],
    "scatter_y": [
      3.9650000000000007,
      7.0200000000000005,
      2.6400000000000006,
      7.039999999999999,
      7.95,
      0.9099999999999993,
      18.72,
      52.425,
      2.8349999999999995,
      7.0200000000000005,
      0.6200000000000001,
      1.2400000000000002,
      72.325,
      0.0,
      13.02,
      10.075,
      0.07500000000000007,
      14.189999999999998,
      60.98999999999999,
      0.95,
      4.3549999999999995,
      39.68000000000001,
      1.7999999999999994,
      7.14,
      112.875,
      132.795,
      5.199999999999999,
      0.41999999999999993,
      23.78,
      6.109999999999999,
      20.130000000000003,
      19.74,
      18.5,
      45.60000000000001,
      85.91,
      4.589999999999998,
      0.0,
      5.279999999999999,
      1.2200000000000002,
      3.8399999999999994,
      7.07,
      40.599999999999994,
      93.365,
      8.835,
      0.08999999999999997,
      15.179999999999998,
      39.95000000000001,
      3.509999999999997,
      36.72,
      0.0,
      25.35,
      26.320000000000004,
      6.174999999999999,
      3.5700000000000003,
      9.855,
      25.16,
      49.67999999999999,
      4.805000000000001,
      24.65,
      0.5349999999999999,
      0.54,
      27.810000000000002,
      3.574999999999997,
      0.5249999999999999,
      6.824999999999999,
      0.4650000000000001,
      11.055,
      0.3599999999999999,
      1.3649999999999998,
      29.6,
      7.199999999999999,
      12.32,
      0.78,
      2.9700000000000006,
      3.3000000000000007,
      3.0599999999999996,
      18.15,
      1.7999999999999994,
      0.0,
      51.405
    ],
    "brk_x": [
      0,
      2,
      4,
      6,
      8,
      10,
      12,
      14,
      16,
      18,
      20,
      22,
      24,
      26,
      28
    ],
    "brk_y": [
      15.243,
      3.417,
      3.209,
      3.097,
      3.987,
      3.305,
      4.264,
      2.922,
      2.336,
      2.459,
      2.005,
      2.143,
      1.391,
      1.14,
      3.391
    ]
  }
}